INSERT REGION 
INSERT INTO region(region_id, region_name) VALUES (1,'america'), (2,'europa'), (3,'asia'), (4,'africa') (5,'oceania');
inserts subregion	

INSERT INTO subregion(subregion_id, region_id, subregion_name) VALUES (1,1,'north america'), (2,1,'central america'), (3,1,'caribe'), (4,1,'south america'), (5,2,'north of europe'), (6,2,'south of europe'), (7,2,'western europe'), (8,2,'eastern europe'), (9,3,'northern of asia') (10,3,'southern asia'), (11,3,'eastern asia'),  (12,3,'central asia'), (13,3,'southeast asia'), (14,4,'north africa'), (15,4,'southern africa'), (16,4,'west africa'), (17,4,'east africa'), (18,4,'central africa'), (19,5,'australia'), (20,5,'melanesia'), (21,5,'micronesia'), (22,5,'polynesia');

INSERT YEAR
INSERT INTO year (year_id, year) VALUES (1,'2017');

INSERT MONTH
INSERT INTO month (month_id, year_id, month) VALUES (1,1,'january'), (2,1,'february'), (3,1,'march'), (4,1,'april'), (5,1,'may'), (6,1,'june'), (7,1,'july'), (8,1,'august'), (9,1,'september'), (10,1,'october'), (11,1,'november'), (12,1,'december');

INSERT DAY
INSERT INTO day (day_id, month_id, day, num_day) VALUES (1,1,'sunday',1), (2,1,'monday',2), (3,1,'tuesday',3), (4,1,'wednesday',4), (5,1,'thursday',5), (6,1,'friday',6), (7,1,'saturday',7), (8,1,'sunday',8), (9,1,'monday',9), (10,1,'tuesday',10), (11,1,'wednesday',11), (12,1,'thursday',12), (13,1,'friday',13), (14,1,'saturday',14), (15,1,'sunday',15), (16,1,'monday',16), (17,1,'tuesday',17), (18,1,'wednesday',18), (19,1,'thursday',19), (20,1,'friday',20), (21,1,'saturday',21), (22,1,'sunday',22), (23,1,'monday',23), (24,1,'tuesday',24), (25,1,'wednesday',25), (26,1,'thursday',26), (27,1,'friday',27), (28,1,'saturday',28), (29,1,'sunday',29), (30,1,'monday',30), (31,1,'tuesday',31), (32,2,'wednesday',1), (33,2,'thursday',2), (34,2,'friday',3), (35,2,'saturday',4), (36,2,'sunday',5),  (37,2,'monday',6), (38,2,'tuesday',7),  (39,2,'wednesday',8),(40,2,'thursday',9), (41,2,'friday',10), (42,2,'saturday',11), (43,2,'sunday',12), (44,2,'monday',13), (45,2,'tuesday',14), (46,2,'wednesday',15), (47,2,'thursday',16), (48,2,'friday',17), (49,2,'saturday',18),  (50,2,'sunday',19), (51,2,'monday',20), (52,2,'tuesday',21), (53,2,'wednesday',22),  (54,2,'thursday',23), (55,2,'friday',24), (56,2,'saturday',25), (57,2,'sunday',26),  (58,2,'monday',27), (59,2,'tuesday',28), (60,3,'wednesday',1), (61,3,'thursday',2), (62,3,'friday',3), (63,3,'saturday',4), (64,3,'sunday',5),  (65,3,'monday',6), (66,3,'tuesday',7), (67,3,'wednesday',8),  (68,3,'thursday',9), (69,3,'friday',10), (70,3,'saturday',11), (71,3,'sunday',12), (72,3,'monday',13), (73,3,'tuesday',14),  (74,3,'wednesday',15), (75,3,'thursday',16), (76,3,'friday',17), (77,3,'saturday',18), (78,3,'sunday',19), (79,3,'monday',20), (80,3,'tuesday',21), (81,3,'wednesday',22), (82,3,'thursday',23), (83,3,'friday',24), (84,3,'saturday',25), (85,3,'sunday',26), (86,3,'monday',27), (87,3,'tuesday',28), (88,3,'wednesday',29), (89,3,'thursday',30), (90,3,'friday',31), (91,4,'saturday',1), (92,4,'sunday',2), (93,4,'monday',3), (94,4,'tuesday',4), (95,4,'wednesday',5), (96,4,'thursday',6), (97,4,'friday',7), (98,4,'saturday',8), (99,4,'sunday',9), (100,4,'monday',10), (101,4,'tuesday',11), (102,4,'wednesday',12), (103,4,'thursday',13), (104,4,'friday',14), (105,4,'saturday',15), (106,4,'sunday',16), (107,4,'monday',17), (108,4,'tuesday',18), (109,4,'wednesday',19), (110,4,'thursday',20), (111,4,'friday',21), (112,4,'saturday',22), (113,4,'sunday',23), (114,4,'monday',24), (115,4,'tuesday',25), (116,4,'wednesday',26), (117,4,'thursday',27), (118,4,'friday',28), (119,4,'saturday',29), (120,4,'sunday',30), (121,5,'monday',1), (122,5,'tuesday',2), (123,5,'wednesday',3), (124,5,'thursday',4), (125,5,'friday',5), (126,5,'saturday',6), (127,5,'sunday',7),  (128,5,'monday',8),  (129,5,'tuesday',9), (130,5,'wednesday',10),  (131,5,'thursday',11),  (132,5,'friday',12), (133,5,'saturday',13),  (134,5,'sunday',14),  (135,5,'monday',15), (136,5,'tuesday',16), (137,5,'wednesday',17),  (138,5,'thursday',18), (139,5,'friday',19), (140,5,'saturday',20), (141,5,'sunday',21), (142,5,'monday',22), (143,5,'tuesday',23), (144,5,'wednesday',24), (145,5,'thursday',25), (146,5,'friday',26), (147,5,'saturday',27), (148,5,'sunday',28), (149,5,'monday',29), (150,5,'tuesday',30), (151,5,'wednesday',31), (152,6,'thursday',1), (153,6,'friday',2), (154,6,'saturday',3), (155,6,'sunday',4), (156,6,'monday',5), (157,6,'tuesday',6), (158,6,'wednesday',7), (159,6,'thursday',8), (160,6,'friday',9), (161,6,'saturday',10), (162,6,'sunday',11), (163,6,'monday',12), (164,6,'tuesday',13), (165,6,'wednesday',14), (166,6,'thursday',15), (167,6,'friday',16), (168,6,'saturday',17), (169,6,'sunday',18), (170,6,'monday',19), (171,6,'tuesday',20), (172,6,'wednesday',21), (173,6,'thursday',22), (174,6,'friday',23), (175,6,'saturday',24), (176,6,'sunday',25), (177,6,'monday',26), (178,6,'tuesday',27), (179,6,'wednesday',28), (180,6,'thursday',29), 

